1,1BgGZ9tcN4rm9KBzDn7KprQz87SZ26SAMH,0000000000000000000000000000000000000000000000000000000000000001
2,1CUNEBjYrCn2y1SdiUMohaKUi4wpP326Lb,0000000000000000000000000000000000000000000000000000000000000003
3,19ZewH8Kk1PDbSNdJ97FP4EiCjTRaZMZQA,0000000000000000000000000000000000000000000000000000000000000007
4,1EhqbyUMvvs7BfL8goY6qcPbD6YKfPqb7e,0000000000000000000000000000000000000000000000000000000000000008
5,1E6NuFjCi27W5zoXg8TRdcSRq84zJeBW3k,0000000000000000000000000000000000000000000000000000000000000015
6,1PitScNLyp2HCygzadCh7FveTnfmpPbfp8,0000000000000000000000000000000000000000000000000000000000000031
7,1McVt1vMtCC7yn5b9wgX1833yCcLXzueeC,000000000000000000000000000000000000000000000000000000000000004C
8,1M92tSqNmQLYw33fuBvjmeadirh1ysMBxK,00000000000000000000000000000000000000000000000000000000000000E0
9,1CQFwcjw1dwhtkVWBttNLDtqL7ivBonGPV,00000000000000000000000000000000000000000000000000000000000001D3
10,1LeBZP5QCwwgXRtmVUvTVrraqPUokyLHqe,0000000000000000000000000000000000000000000000000000000000000202
11,1PgQVLmst3Z314JrQn5TNiys8Hc38TcXJu,0000000000000000000000000000000000000000000000000000000000000483
12,1DBaumZxUkM4qMQRt2LVWyFJq5kDtSZQot,0000000000000000000000000000000000000000000000000000000000000A7B
13,1Pie8JkxBT6MGPz9Nvi3fsPkr2D8q3GBc1,0000000000000000000000000000000000000000000000000000000000001460
14,1ErZWg5cFCe4Vw5BzgfzB74VNLaXEiEkhk,0000000000000000000000000000000000000000000000000000000000002930
15,1QCbW9HWnwQWiQqVo5exhAnmfqKRrCRsvW,00000000000000000000000000000000000000000000000000000000000068F3
16,1BDyrQ6WoF8VN3g9SAS1iKZcPzFfnDVieY,000000000000000000000000000000000000000000000000000000000000C936
17,1HduPEXZRdG26SUT5Yk83mLkPyjnZuJ7Bm,000000000000000000000000000000000000000000000000000000000001764F
18,1GnNTmTVLZiqQfLbAdp9DVdicEnB5GoERE,000000000000000000000000000000000000000000000000000000000003080D
19,1NWmZRpHH4XSPwsW6dsS3nrNWfL1yrJj4w,000000000000000000000000000000000000000000000000000000000005749F
20,1HsMJxNiV7TLxmoF6uJNkydxPFDog4NQum,00000000000000000000000000000000000000000000000000000000000D2C55
21,14oFNXucftsHiUMY8uctg6N487riuyXs4h,00000000000000000000000000000000000000000000000000000000001BA534
22,1CfZWK1QTQE3eS9qn61dQjV89KDjZzfNcv,00000000000000000000000000000000000000000000000000000000002DE40F
23,1L2GM8eE7mJWLdo3HZS6su1832NX2txaac,0000000000000000000000000000000000000000000000000000000000556E52
24,1rSnXMr63jdCuegJFuidJqWxUPV7AtUf7,0000000000000000000000000000000000000000000000000000000000DC2A04
25,15JhYXn6Mx3oF4Y7PcTAv2wVVAuCFFQNiP,0000000000000000000000000000000000000000000000000000000001FA5EE5
26,1JVnST957hGztonaWK6FougdtjxzHzRMMg,000000000000000000000000000000000000000000000000000000000340326E
27,128z5d7nN7PkCuX5qoA4Ys6pmxUYnEy86k,0000000000000000000000000000000000000000000000000000000006AC3875
28,12jbtzBb54r97TCwW3G1gCFoumpckRAPdY,000000000000000000000000000000000000000000000000000000000D916CE8
29,19EEC52krRUK1RkUAEZmQdjTyHT7Gp1TYT,0000000000000000000000000000000000000000000000000000000017E2551E
30,1LHtnpd8nU5VHEMkG2TMYYNUjjLc992bps,000000000000000000000000000000000000000000000000000000003D94CD64
31,1LhE6sCTuGae42Axu1L1ZB7L96yi9irEBE,000000000000000000000000000000000000000000000000000000007D4FE747
32,1FRoHA9xewq7DjrZ1psWJVeTer8gHRqEvR,00000000000000000000000000000000000000000000000000000000B862A62E
33,187swFMjz1G54ycVU56B7jZFHFTNVQFDiu,00000000000000000000000000000000000000000000000000000001A96CA8D8
34,1PWABE7oUahG2AFFQhhvViQovnCr4rEv7Q,000000000000000000000000000000000000000000000000000000034A65911D
35,1PWCx5fovoEaoBowAvF5k91m2Xat9bMgwb,00000000000000000000000000000000000000000000000000000004AED21170
36,1Be2UF9NLfyLFbtm3TCbmuocc9N1Kduci1,00000000000000000000000000000000000000000000000000000009DE820A7C
37,14iXhn8bGajVWegZHJ18vJLHhntcpL4dex,0000000000000000000000000000000000000000000000000000001757756A93
38,1HBtApAFA9B2YZw3G2YKSMCtb3dVnjuNe2,00000000000000000000000000000000000000000000000000000022382FACD0
39,122AJhKLEfkFBaGAd84pLp1kfE7xK3GdT8,0000000000000000000000000000000000000000000000000000004B5F8303E9
40,1EeAxcprB2PpCnr34VfZdFrkUWuxyiNEFv,000000000000000000000000000000000000000000000000000000E9AE4933D6
41,1L5sU9qvJeuwQUdt4y1eiLmquFxKjtHr3E,00000000000000000000000000000000000000000000000000000153869ACC5B
42,1E32GPWgDyeyQac4aJxm9HVoLrrEYPnM4N,000000000000000000000000000000000000000000000000000002A221C58D8F
43,1PiFuqGpG8yGM5v6rNHWS3TjsG6awgEGA1,000000000000000000000000000000000000000000000000000006BD3B27C591
44,1CkR2uS7LmFwc3T2jV8C1BhWb5mQaoxedF,00000000000000000000000000000000000000000000000000000E02B35A358F
45,1NtiLNGegHWE3Mp9g2JPkgx6wUg4TW7bbk,0000000000000000000000000000000000000000000000000000122FCA143C05
46,1F3JRMWudBaj48EhwcHDdpeuy2jwACNxjP,00000000000000000000000000000000000000000000000000002EC18388D544
47,1Pd8VvT49sHKsmqrQiP61RsVwmXCZ6ay7Z,00000000000000000000000000000000000000000000000000006CD610B53CBA
48,1DFYhaB2J9q1LLZJWKTnscPWos9VBqDHzv,0000000000000000000000000000000000000000000000000000ADE6D7CE3B9B
49,12CiUhYVTTH33w3SPUBqcpMoqnApAV4WCF,000000000000000000000000000000000000000000000000000174176B015F4D
50,1MEzite4ReNuWaL5Ds17ePKt2dCxWEofwk,00000000000000000000000000000000000000000000000000022BD43C2E9354
51,1NpnQyZ7x24ud82b7WiRNvPm6N8bqGQnaS,00000000000000000000000000000000000000000000000000075070A1A009D4
52,15z9c9sVpu6fwNiK7dMAFgMYSK4GqsGZim,000000000000000000000000000000000000000000000000000EFAE164CB9E3C
53,15K1YKJMiJ4fpesTVUcByoz334rHmknxmT,00000000000000000000000000000000000000000000000000180788E47E326C
54,1KYUv7nSvXx4642TKeuC2SNdTk326uUpFy,00000000000000000000000000000000000000000000000000236FB6D5AD1F43
55,1LzhS3k3e9Ub8i2W1V8xQFdB8n2MYCHPCa,000000000000000000000000000000000000000000000000006ABE1F9B67E114
56,17aPYR1m6pVAacXg1PTDDU7XafvK1dxvhi,000000000000000000000000000000000000000000000000009D18B63AC4FFDF
57,15c9mPGLku1HuW9LRtBf4jcHVpBUt8txKz,00000000000000000000000000000000000000000000000001EB25C90795D61C
58,1Dn8NF8qDyyfHMktmuoQLGyjWmZXgvosXf,00000000000000000000000000000000000000000000000002C675B852189A21
59,1HAX2n9Uruu9YDt4cqRgYcvtGvZj1rbUyt,00000000000000000000000000000000000000000000000007496CBB87CAB44F
60,1Kn5h2qpgw9mWE5jKpk8PP4qvvJ1QVy8su,0000000000000000000000000000000000000000000000000FC07A1825367BBE
61,1AVJKwzs9AskraJLGHAZPiaZcrpDr1U6AB,00000000000000000000000000000000000000000000000013C96A3742F64906
62,1Me6EfpwZK5kQziBwBfvLiHjaPGxCKLoJi,000000000000000000000000000000000000000000000000363D541EB611ABEE
63,1NpYjtLira16LfGbGwZJ5JbDPh3ai9bjf4,0000000000000000000000000000000000000000000000007CCE5EFDACCF6808
64,16jY7qLJnxb7CHZyqBP8qca9d51gAjyXQN,000000000000000000000000000000000000000000000000F7051F27B09112D4
65,18ZMbwUFLMHoZBbfpCjUJQTCMCbktshgpe,000000000000000000000000000000000000000000000001A838B13505B26867
66,13zb1hQbWVsc2S7ZTZnP2G4undNNpdh5so,000000000000000000000000000000000000000000000002832ed74f2b5e35ee
70,19YZECXj3SxEZMoUeJ1yiPsw8xANe7M7QR,0000000000000000000000000000000000000000000000349B84B6431A6C4EF1
75,1J36UjUByGroXcCvmj13U6uwaVv9caEeAt,0000000000000000000000000000000000000000000004C5CE114686A1336E07
80,1BCf6rHUW6m3iH2ptsvnjgLruAiPQQepLe,00000000000000000000000000000000000000000000EA1A5C66DCC11B5AD180
85,1Kh22PvXERd2xpTQk3ur6pPEqFeckCJfAr,00000000000000000000000000000000000000000011720C4F018D51B8CEBBA8
90,1L12FHH2FHjvTviyanuiFVfmzCy46RRATU,000000000000000000000000000000000000000002CE00BB2136A445C71E85BF
95,19eVSDuizydXxhohGh8Ki9WY9KsHdSwoQC,0000000000000000000000000000000000000000527A792B183C7F64A0E8B1F4
100,1KCgMv8fo2TPBpddVi9jqmMmcne9uSNJ5F,000000000000000000000000000000000000000AF55FC59C335C8EC67ED24826
105,1CMjscKB3QW7SDyQ4c3C3DEUHiHRhiZVib,000000000000000000000000000000000000016F14FC2054CD87EE6396B33DF3
110,12JzYkkN76xkwvcPT6AWKZtGX6w2LAgsJg,00000000000000000000000000000000000035C0D7234DF7DEB0F20CF7062444
115,1NLbHuJebVwUZ1XqDjsAyfTRUPwDQbemfv,0000000000000000000000000000000000060F4D11574F5DEEE49961D9609AC6
